18485	6.1	/m/042v_gx,/m/0342h,/m/0fx80y,/m/04szw,/m/04rlf	train
16458	3.4	/m/042v_gx,/m/0342h,/m/0fx80y,/m/04szw,/m/04rlf	train
252506	8.0	/m/042v_gx,/m/0342h,/m/0fx80y,/m/04szw,/m/04rlf	train
182932	1.6	/m/042v_gx,/m/0342h,/m/0fx80y,/m/04szw,/m/04rlf	train
182946	5.2	/m/042v_gx,/m/0342h,/m/0fx80y,/m/04szw,/m/04rlf	train
182950	1.6	/m/042v_gx,/m/0342h,/m/0fx80y,/m/04szw,/m/04rlf	train
182969	5.2	/m/042v_gx,/m/0342h,/m/0fx80y,/m/04szw,/m/04rlf	train
182974	5.2	/m/042v_gx,/m/0342h,/m/0fx80y,/m/04szw,/m/04rlf	train
183026	4.2	/m/042v_gx,/m/0342h,/m/0fx80y,/m/04szw,/m/04rlf	train
183055	2.1	/m/042v_gx,/m/0342h,/m/0fx80y,/m/04szw,/m/04rlf	train
251080	5.8	/m/042v_gx,/m/0342h,/m/0fx80y,/m/04szw,/m/04rlf	train
251097	3.9	/m/042v_gx,/m/0342h,/m/0fx80y,/m/04szw,/m/04rlf	train
251109	4.4	/m/042v_gx,/m/0342h,/m/0fx80y,/m/04szw,/m/04rlf	train
251135	6.0	/m/042v_gx,/m/0342h,/m/0fx80y,/m/04szw,/m/04rlf	train
251160	3.9	/m/042v_gx,/m/0342h,/m/0fx80y,/m/04szw,/m/04rlf	train
13699	7.8	/m/042v_gx,/m/0342h,/m/0fx80y,/m/04szw,/m/04rlf	train
183705	4.2	/m/042v_gx,/m/0342h,/m/0fx80y,/m/04szw,/m/04rlf	train
183733	3.1	/m/042v_gx,/m/0342h,/m/0fx80y,/m/04szw,/m/04rlf	train
183750	3.1	/m/042v_gx,/m/0342h,/m/0fx80y,/m/04szw,/m/04rlf	train
183757	2.1	/m/042v_gx,/m/0342h,/m/0fx80y,/m/04szw,/m/04rlf	train
183795	4.2	/m/042v_gx,/m/0342h,/m/0fx80y,/m/04szw,/m/04rlf	train
183796	4.2	/m/042v_gx,/m/0342h,/m/0fx80y,/m/04szw,/m/04rlf	train
183815	4.2	/m/042v_gx,/m/0342h,/m/0fx80y,/m/04szw,/m/04rlf	train
38459	4.7	/m/042v_gx,/m/0342h,/m/0fx80y,/m/04szw,/m/04rlf	train
38462	5.0	/m/042v_gx,/m/0342h,/m/0fx80y,/m/04szw,/m/04rlf	train
38463	3.4	/m/042v_gx,/m/0342h,/m/0fx80y,/m/04szw,/m/04rlf	train
38464	4.5	/m/042v_gx,/m/0342h,/m/0fx80y,/m/04szw,/m/04rlf	train
38468	3.9	/m/042v_gx,/m/0342h,/m/0fx80y,/m/04szw,/m/04rlf	train
38471	2.6	/m/042v_gx,/m/0342h,/m/0fx80y,/m/04szw,/m/04rlf	train
415376	8.7	/m/042v_gx,/m/0342h,/m/0fx80y,/m/04szw,/m/04rlf	train
415377	9.0	/m/042v_gx,/m/0342h,/m/0fx80y,/m/04szw,/m/04rlf	train
415379	7.1	/m/042v_gx,/m/0342h,/m/0fx80y,/m/04szw,/m/04rlf	train
415380	6.6	/m/042v_gx,/m/0342h,/m/0fx80y,/m/04szw,/m/04rlf	train
251835	8.0	/m/042v_gx,/m/0342h,/m/0fx80y,/m/04szw,/m/04rlf	train
18437	5.4	/m/042v_gx,/m/0342h,/m/0fx80y,/m/04szw,/m/04rlf	train
18438	5.4	/m/042v_gx,/m/0342h,/m/0fx80y,/m/04szw,/m/04rlf	train
18439	6.4	/m/042v_gx,/m/0342h,/m/0fx80y,/m/04szw,/m/04rlf	train
350221	8.0	/m/042v_gx,/m/0342h,/m/0fx80y,/m/04szw,/m/04rlf	train
18460	2.3	/m/042v_gx,/m/0342h,/m/0fx80y,/m/04szw,/m/04rlf	train
18461	1.8	/m/042v_gx,/m/0342h,/m/0fx80y,/m/04szw,/m/04rlf	train
18466	10.0	/m/042v_gx,/m/0342h,/m/0fx80y,/m/04szw,/m/04rlf	train
18469	6.3	/m/042v_gx,/m/0342h,/m/0fx80y,/m/04szw,/m/04rlf	train
18470	1.9	/m/042v_gx,/m/0342h,/m/0fx80y,/m/04szw,/m/04rlf	train
18472	1.6	/m/042v_gx,/m/0342h,/m/0fx80y,/m/04szw,/m/04rlf	train
18474	2.6	/m/042v_gx,/m/0342h,/m/0fx80y,/m/04szw,/m/04rlf	train
18475	1.9	/m/042v_gx,/m/0342h,/m/0fx80y,/m/04szw,/m/04rlf	train
18478	2.0	/m/042v_gx,/m/0342h,/m/0fx80y,/m/04szw,/m/04rlf	train
18479	9.4	/m/042v_gx,/m/0342h,/m/0fx80y,/m/04szw,/m/04rlf	train
18481	2.0	/m/042v_gx,/m/0342h,/m/0fx80y,/m/04szw,/m/04rlf	train
18482	5.6	/m/042v_gx,/m/0342h,/m/0fx80y,/m/04szw,/m/04rlf	train
18483	3.0	/m/042v_gx,/m/0342h,/m/0fx80y,/m/04szw,/m/04rlf	train
18487	2.0	/m/042v_gx,/m/0342h,/m/0fx80y,/m/04szw,/m/04rlf	train
18488	4.5	/m/042v_gx,/m/0342h,/m/0fx80y,/m/04szw,/m/04rlf	train
18490	1.4	/m/042v_gx,/m/0342h,/m/0fx80y,/m/04szw,/m/04rlf	train
18495	1.3	/m/042v_gx,/m/0342h,/m/0fx80y,/m/04szw,/m/04rlf	train
186499	8.0	/m/042v_gx,/m/0342h,/m/0fx80y,/m/04szw,/m/04rlf	train
186500	4.0	/m/042v_gx,/m/0342h,/m/0fx80y,/m/04szw,/m/04rlf	train
254116	16.0	/m/042v_gx,/m/0342h,/m/0fx80y,/m/04szw,/m/04rlf	train
254119	16.0	/m/042v_gx,/m/0342h,/m/0fx80y,/m/04szw,/m/04rlf	train
8381	26.3	/m/042v_gx,/m/0342h,/m/0fx80y,/m/04szw,/m/04rlf	train
8390	5.6	/m/042v_gx,/m/0342h,/m/0fx80y,/m/04szw,/m/04rlf	train
8391	7.1	/m/042v_gx,/m/0342h,/m/0fx80y,/m/04szw,/m/04rlf	train
8398	0.7	/m/042v_gx,/m/0342h,/m/0fx80y,/m/04szw,/m/04rlf	train
8402	25.4	/m/042v_gx,/m/0342h,/m/0fx80y,/m/04szw,/m/04rlf	train
270601	5.7	/m/042v_gx,/m/0342h,/m/0fx80y,/m/04szw,/m/04rlf	train
8462	24.4	/m/042v_gx,/m/0342h,/m/0fx80y,/m/04szw,/m/04rlf	train
8470	26.6	/m/042v_gx,/m/0342h,/m/0fx80y,/m/04szw,/m/04rlf	train
8481	15.2	/m/042v_gx,/m/0342h,/m/0fx80y,/m/04szw,/m/04rlf	train
8485	25.7	/m/042v_gx,/m/0342h,/m/0fx80y,/m/04szw,/m/04rlf	train
8487	14.7	/m/042v_gx,/m/0342h,/m/0fx80y,/m/04szw,/m/04rlf	train
153936	3.8	/m/042v_gx,/m/0342h,/m/0fx80y,/m/04szw,/m/04rlf	train
153939	4.4	/m/042v_gx,/m/0342h,/m/0fx80y,/m/04szw,/m/04rlf	train
153943	4.1	/m/042v_gx,/m/0342h,/m/0fx80y,/m/04szw,/m/04rlf	train
153946	4.0	/m/042v_gx,/m/0342h,/m/0fx80y,/m/04szw,/m/04rlf	train
153947	5.0	/m/042v_gx,/m/0342h,/m/0fx80y,/m/04szw,/m/04rlf	train
153949	3.5	/m/042v_gx,/m/0342h,/m/0fx80y,/m/04szw,/m/04rlf	train
153950	3.3	/m/042v_gx,/m/0342h,/m/0fx80y,/m/04szw,/m/04rlf	train
153952	2.3	/m/042v_gx,/m/0342h,/m/0fx80y,/m/04szw,/m/04rlf	train
153953	2.4	/m/042v_gx,/m/0342h,/m/0fx80y,/m/04szw,/m/04rlf	train
153954	3.8	/m/042v_gx,/m/0342h,/m/0fx80y,/m/04szw,/m/04rlf	train
153955	6.4	/m/042v_gx,/m/0342h,/m/0fx80y,/m/04szw,/m/04rlf	train
153956	4.0	/m/042v_gx,/m/0342h,/m/0fx80y,/m/04szw,/m/04rlf	train
153958	3.9	/m/042v_gx,/m/0342h,/m/0fx80y,/m/04szw,/m/04rlf	train
153959	4.6	/m/042v_gx,/m/0342h,/m/0fx80y,/m/04szw,/m/04rlf	train
153960	7.1	/m/042v_gx,/m/0342h,/m/0fx80y,/m/04szw,/m/04rlf	train
153962	5.6	/m/042v_gx,/m/0342h,/m/0fx80y,/m/04szw,/m/04rlf	train
153965	3.9	/m/042v_gx,/m/0342h,/m/0fx80y,/m/04szw,/m/04rlf	train
248176	9.7	/m/042v_gx,/m/0342h,/m/0fx80y,/m/04szw,/m/04rlf	train
153968	4.4	/m/042v_gx,/m/0342h,/m/0fx80y,/m/04szw,/m/04rlf	train
153971	4.4	/m/042v_gx,/m/0342h,/m/0fx80y,/m/04szw,/m/04rlf	train
153973	5.3	/m/042v_gx,/m/0342h,/m/0fx80y,/m/04szw,/m/04rlf	train
153975	5.3	/m/042v_gx,/m/0342h,/m/0fx80y,/m/04szw,/m/04rlf	train
153979	4.1	/m/042v_gx,/m/0342h,/m/0fx80y,/m/04szw,/m/04rlf	train
153980	2.5	/m/042v_gx,/m/0342h,/m/0fx80y,/m/04szw,/m/04rlf	train
346493	2.3	/m/042v_gx,/m/0342h,/m/0fx80y,/m/04szw,/m/04rlf	train
153981	3.6	/m/042v_gx,/m/0342h,/m/0fx80y,/m/04szw,/m/04rlf	train
153983	3.6	/m/042v_gx,/m/0342h,/m/0fx80y,/m/04szw,/m/04rlf	train
153987	3.7	/m/042v_gx,/m/0342h,/m/0fx80y,/m/04szw,/m/04rlf	train
153989	6.2	/m/042v_gx,/m/0342h,/m/0fx80y,/m/04szw,/m/04rlf	train
153991	5.3	/m/042v_gx,/m/0342h,/m/0fx80y,/m/04szw,/m/04rlf	train
153994	6.0	/m/042v_gx,/m/0342h,/m/0fx80y,/m/04szw,/m/04rlf	train
153995	4.6	/m/042v_gx,/m/0342h,/m/0fx80y,/m/04szw,/m/04rlf	train
8586	16.0	/m/042v_gx,/m/0342h,/m/0fx80y,/m/04szw,/m/04rlf	train
153997	4.6	/m/042v_gx,/m/0342h,/m/0fx80y,/m/04szw,/m/04rlf	train
8589	21.7	/m/042v_gx,/m/0342h,/m/0fx80y,/m/04szw,/m/04rlf	train
8588	11.4	/m/042v_gx,/m/0342h,/m/0fx80y,/m/04szw,/m/04rlf	train
154007	3.9	/m/042v_gx,/m/0342h,/m/0fx80y,/m/04szw,/m/04rlf	train
154010	5.6	/m/042v_gx,/m/0342h,/m/0fx80y,/m/04szw,/m/04rlf	train
154013	5.1	/m/042v_gx,/m/0342h,/m/0fx80y,/m/04szw,/m/04rlf	train
154015	3.5	/m/042v_gx,/m/0342h,/m/0fx80y,/m/04szw,/m/04rlf	train
252320	8.0	/m/042v_gx,/m/0342h,/m/0fx80y,/m/04szw,/m/04rlf	train
154016	6.4	/m/042v_gx,/m/0342h,/m/0fx80y,/m/04szw,/m/04rlf	train
154017	7.4	/m/042v_gx,/m/0342h,/m/0fx80y,/m/04szw,/m/04rlf	train
154020	5.7	/m/042v_gx,/m/0342h,/m/0fx80y,/m/04szw,/m/04rlf	train
154022	5.9	/m/042v_gx,/m/0342h,/m/0fx80y,/m/04szw,/m/04rlf	train
154023	6.9	/m/042v_gx,/m/0342h,/m/0fx80y,/m/04szw,/m/04rlf	train
154026	5.9	/m/042v_gx,/m/0342h,/m/0fx80y,/m/04szw,/m/04rlf	train
154027	4.3	/m/042v_gx,/m/0342h,/m/0fx80y,/m/04szw,/m/04rlf	train
154028	5.5	/m/042v_gx,/m/0342h,/m/0fx80y,/m/04szw,/m/04rlf	train
252333	16.0	/m/042v_gx,/m/0342h,/m/0fx80y,/m/04szw,/m/04rlf	train
252336	16.0	/m/042v_gx,/m/0342h,/m/0fx80y,/m/04szw,/m/04rlf	train
252346	16.0	/m/042v_gx,/m/0342h,/m/0fx80y,/m/04szw,/m/04rlf	train
252355	8.0	/m/042v_gx,/m/0342h,/m/0fx80y,/m/04szw,/m/04rlf	train
252366	8.0	/m/042v_gx,/m/0342h,/m/0fx80y,/m/04szw,/m/04rlf	train
252370	8.0	/m/042v_gx,/m/0342h,/m/0fx80y,/m/04szw,/m/04rlf	train
252371	8.0	/m/042v_gx,/m/0342h,/m/0fx80y,/m/04szw,/m/04rlf	train
252377	8.0	/m/042v_gx,/m/0342h,/m/0fx80y,/m/04szw,/m/04rlf	train
252381	8.0	/m/042v_gx,/m/0342h,/m/0fx80y,/m/04szw,/m/04rlf	train
252393	8.0	/m/042v_gx,/m/0342h,/m/0fx80y,/m/04szw,/m/04rlf	train
252396	8.0	/m/042v_gx,/m/0342h,/m/0fx80y,/m/04szw,/m/04rlf	train
252397	8.0	/m/042v_gx,/m/0342h,/m/0fx80y,/m/04szw,/m/04rlf	train
252405	8.0	/m/042v_gx,/m/0342h,/m/0fx80y,/m/04szw,/m/04rlf	train
252409	8.0	/m/042v_gx,/m/0342h,/m/0fx80y,/m/04szw,/m/04rlf	train
57864	6.0	/m/042v_gx,/m/0342h,/m/0fx80y,/m/04szw,/m/04rlf	train
57865	4.0	/m/042v_gx,/m/0342h,/m/0fx80y,/m/04szw,/m/04rlf	train
252443	8.0	/m/042v_gx,/m/0342h,/m/0fx80y,/m/04szw,/m/04rlf	train
252448	8.0	/m/042v_gx,/m/0342h,/m/0fx80y,/m/04szw,/m/04rlf	train
252464	8.0	/m/042v_gx,/m/0342h,/m/0fx80y,/m/04szw,/m/04rlf	train
252465	8.0	/m/042v_gx,/m/0342h,/m/0fx80y,/m/04szw,/m/04rlf	train
252469	16.0	/m/042v_gx,/m/0342h,/m/0fx80y,/m/04szw,/m/04rlf	train
57910	8.0	/m/042v_gx,/m/0342h,/m/0fx80y,/m/04szw,/m/04rlf	train
57911	2.0	/m/042v_gx,/m/0342h,/m/0fx80y,/m/04szw,/m/04rlf	train
252490	8.0	/m/042v_gx,/m/0342h,/m/0fx80y,/m/04szw,/m/04rlf	train
252502	8.0	/m/042v_gx,/m/0342h,/m/0fx80y,/m/04szw,/m/04rlf	train
252513	8.0	/m/042v_gx,/m/0342h,/m/0fx80y,/m/04szw,/m/04rlf	train
252520	8.0	/m/042v_gx,/m/0342h,/m/0fx80y,/m/04szw,/m/04rlf	train
252556	8.0	/m/042v_gx,/m/0342h,/m/0fx80y,/m/04szw,/m/04rlf	train
182929	1.6	/m/042v_gx,/m/0342h,/m/0fx80y,/m/04szw,/m/04rlf	train
182933	1.6	/m/042v_gx,/m/0342h,/m/0fx80y,/m/04szw,/m/04rlf	train
182935	1.6	/m/042v_gx,/m/0342h,/m/0fx80y,/m/04szw,/m/04rlf	train
182937	1.6	/m/042v_gx,/m/0342h,/m/0fx80y,/m/04szw,/m/04rlf	train
182938	1.6	/m/042v_gx,/m/0342h,/m/0fx80y,/m/04szw,/m/04rlf	train
182939	5.2	/m/042v_gx,/m/0342h,/m/0fx80y,/m/04szw,/m/04rlf	train
182940	5.2	/m/042v_gx,/m/0342h,/m/0fx80y,/m/04szw,/m/04rlf	train
182944	3.1	/m/042v_gx,/m/0342h,/m/0fx80y,/m/04szw,/m/04rlf	train
182951	2.1	/m/042v_gx,/m/0342h,/m/0fx80y,/m/04szw,/m/04rlf	train
182952	1.6	/m/042v_gx,/m/0342h,/m/0fx80y,/m/04szw,/m/04rlf	train
182954	1.6	/m/042v_gx,/m/0342h,/m/0fx80y,/m/04szw,/m/04rlf	train
182956	1.6	/m/042v_gx,/m/0342h,/m/0fx80y,/m/04szw,/m/04rlf	train
182959	5.2	/m/042v_gx,/m/0342h,/m/0fx80y,/m/04szw,/m/04rlf	train
182960	5.2	/m/042v_gx,/m/0342h,/m/0fx80y,/m/04szw,/m/04rlf	train
182963	5.2	/m/042v_gx,/m/0342h,/m/0fx80y,/m/04szw,/m/04rlf	train
182961	5.2	/m/042v_gx,/m/0342h,/m/0fx80y,/m/04szw,/m/04rlf	train
182965	5.2	/m/042v_gx,/m/0342h,/m/0fx80y,/m/04szw,/m/04rlf	train
182968	5.2	/m/042v_gx,/m/0342h,/m/0fx80y,/m/04szw,/m/04rlf	train
41658	8.5	/m/042v_gx,/m/0342h,/m/0fx80y,/m/04szw,/m/04rlf	train
182967	5.2	/m/042v_gx,/m/0342h,/m/0fx80y,/m/04szw,/m/04rlf	train
182972	5.2	/m/042v_gx,/m/0342h,/m/0fx80y,/m/04szw,/m/04rlf	train
182975	5.2	/m/042v_gx,/m/0342h,/m/0fx80y,/m/04szw,/m/04rlf	train
41664	8.8	/m/042v_gx,/m/0342h,/m/0fx80y,/m/04szw,/m/04rlf	train
182979	5.2	/m/042v_gx,/m/0342h,/m/0fx80y,/m/04szw,/m/04rlf	train
182983	3.1	/m/042v_gx,/m/0342h,/m/0fx80y,/m/04szw,/m/04rlf	train
182984	3.1	/m/042v_gx,/m/0342h,/m/0fx80y,/m/04szw,/m/04rlf	train
182987	1.6	/m/042v_gx,/m/0342h,/m/0fx80y,/m/04szw,/m/04rlf	train
252621	8.0	/m/042v_gx,/m/0342h,/m/0fx80y,/m/04szw,/m/04rlf	train
41678	10.0	/m/042v_gx,/m/0342h,/m/0fx80y,/m/04szw,/m/04rlf	train
182992	1.6	/m/042v_gx,/m/0342h,/m/0fx80y,/m/04szw,/m/04rlf	train
182996	5.2	/m/042v_gx,/m/0342h,/m/0fx80y,/m/04szw,/m/04rlf	train
182998	5.2	/m/042v_gx,/m/0342h,/m/0fx80y,/m/04szw,/m/04rlf	train
252631	16.0	/m/042v_gx,/m/0342h,/m/0fx80y,/m/04szw,/m/04rlf	train
381658	6.4	/m/042v_gx,/m/0342h,/m/0fx80y,/m/04szw,/m/04rlf	train
183004	3.1	/m/042v_gx,/m/0342h,/m/0fx80y,/m/04szw,/m/04rlf	train
183006	3.1	/m/042v_gx,/m/0342h,/m/0fx80y,/m/04szw,/m/04rlf	train
183008	3.1	/m/042v_gx,/m/0342h,/m/0fx80y,/m/04szw,/m/04rlf	train
183009	3.1	/m/042v_gx,/m/0342h,/m/0fx80y,/m/04szw,/m/04rlf	train
41666	5.4	/m/042v_gx,/m/0342h,/m/0fx80y,/m/04szw,/m/04rlf	train
183011	3.1	/m/042v_gx,/m/0342h,/m/0fx80y,/m/04szw,/m/04rlf	train
183012	1.6	/m/042v_gx,/m/0342h,/m/0fx80y,/m/04szw,/m/04rlf	train
183013	1.6	/m/042v_gx,/m/0342h,/m/0fx80y,/m/04szw,/m/04rlf	train
58085	0.4	/m/042v_gx,/m/0342h,/m/0fx80y,/m/04szw,/m/04rlf	train
183017	0.5	/m/042v_gx,/m/0342h,/m/0fx80y,/m/04szw,/m/04rlf	train
183018	0.3	/m/042v_gx,/m/0342h,/m/0fx80y,/m/04szw,/m/04rlf	train
183022	0.4	/m/042v_gx,/m/0342h,/m/0fx80y,/m/04szw,/m/04rlf	train
183023	0.4	/m/042v_gx,/m/0342h,/m/0fx80y,/m/04szw,/m/04rlf	train
183024	1.6	/m/042v_gx,/m/0342h,/m/0fx80y,/m/04szw,/m/04rlf	train
183025	1.6	/m/042v_gx,/m/0342h,/m/0fx80y,/m/04szw,/m/04rlf	train
183028	5.2	/m/042v_gx,/m/0342h,/m/0fx80y,/m/04szw,/m/04rlf	train
183035	4.2	/m/042v_gx,/m/0342h,/m/0fx80y,/m/04szw,/m/04rlf	train
183037	1.6	/m/042v_gx,/m/0342h,/m/0fx80y,/m/04szw,/m/04rlf	train
183039	3.1	/m/042v_gx,/m/0342h,/m/0fx80y,/m/04szw,/m/04rlf	train
58112	0.4	/m/042v_gx,/m/0342h,/m/0fx80y,/m/04szw,/m/04rlf	train
183038	1.6	/m/042v_gx,/m/0342h,/m/0fx80y,/m/04szw,/m/04rlf	train
58117	8.6	/m/042v_gx,/m/0342h,/m/0fx80y,/m/04szw,/m/04rlf	train
183046	3.1	/m/042v_gx,/m/0342h,/m/0fx80y,/m/04szw,/m/04rlf	train
58119	7.3	/m/042v_gx,/m/0342h,/m/0fx80y,/m/04szw,/m/04rlf	train
183040	3.1	/m/042v_gx,/m/0342h,/m/0fx80y,/m/04szw,/m/04rlf	train
183049	2.1	/m/042v_gx,/m/0342h,/m/0fx80y,/m/04szw,/m/04rlf	train
58122	2.7	/m/042v_gx,/m/0342h,/m/0fx80y,/m/04szw,/m/04rlf	train
58121	2.4	/m/042v_gx,/m/0342h,/m/0fx80y,/m/04szw,/m/04rlf	train
58124	3.1	/m/042v_gx,/m/0342h,/m/0fx80y,/m/04szw,/m/04rlf	train
58125	2.5	/m/042v_gx,/m/0342h,/m/0fx80y,/m/04szw,/m/04rlf	train
183058	1.6	/m/042v_gx,/m/0342h,/m/0fx80y,/m/04szw,/m/04rlf	train
183063	3.1	/m/042v_gx,/m/0342h,/m/0fx80y,/m/04szw,/m/04rlf	train
183062	3.1	/m/042v_gx,/m/0342h,/m/0fx80y,/m/04szw,/m/04rlf	train
183066	3.1	/m/042v_gx,/m/0342h,/m/0fx80y,/m/04szw,/m/04rlf	train
183065	3.1	/m/042v_gx,/m/0342h,/m/0fx80y,/m/04szw,/m/04rlf	train
183061	3.1	/m/042v_gx,/m/0342h,/m/0fx80y,/m/04szw,/m/04rlf	train
183070	3.1	/m/042v_gx,/m/0342h,/m/0fx80y,/m/04szw,/m/04rlf	train
183071	3.1	/m/042v_gx,/m/0342h,/m/0fx80y,/m/04szw,/m/04rlf	train
183072	5.2	/m/042v_gx,/m/0342h,/m/0fx80y,/m/04szw,/m/04rlf	train
183077	3.1	/m/042v_gx,/m/0342h,/m/0fx80y,/m/04szw,/m/04rlf	train
183078	3.1	/m/042v_gx,/m/0342h,/m/0fx80y,/m/04szw,/m/04rlf	train
183080	4.2	/m/042v_gx,/m/0342h,/m/0fx80y,/m/04szw,/m/04rlf	train
183081	4.2	/m/042v_gx,/m/0342h,/m/0fx80y,/m/04szw,/m/04rlf	train
183082	4.2	/m/042v_gx,/m/0342h,/m/0fx80y,/m/04szw,/m/04rlf	train
183083	4.2	/m/042v_gx,/m/0342h,/m/0fx80y,/m/04szw,/m/04rlf	train
183084	3.1	/m/042v_gx,/m/0342h,/m/0fx80y,/m/04szw,/m/04rlf	train
338741	0.4	/m/042v_gx,/m/0342h,/m/0fx80y,/m/04szw,/m/04rlf	train
68461	3.0	/m/042v_gx,/m/0342h,/m/0fx80y,/m/04szw,/m/04rlf	train
64366	6.6	/m/042v_gx,/m/0342h,/m/0fx80y,/m/04szw,/m/04rlf	train
82826	6.3	/m/042v_gx,/m/0342h,/m/0fx80y,/m/04szw,/m/04rlf	train
9102	25.2	/m/042v_gx,/m/0342h,/m/0fx80y,/m/04szw,/m/04rlf	train
82928	7.2	/m/042v_gx,/m/0342h,/m/0fx80y,/m/04szw,/m/04rlf	train
82931	5.1	/m/042v_gx,/m/0342h,/m/0fx80y,/m/04szw,/m/04rlf	train
41986	2.0	/m/042v_gx,/m/0342h,/m/0fx80y,/m/04szw,/m/04rlf	train
41988	1.9	/m/042v_gx,/m/0342h,/m/0fx80y,/m/04szw,/m/04rlf	train
182976	1.6	/m/042v_gx,/m/0342h,/m/0fx80y,/m/04szw,/m/04rlf	train
182977	3.1	/m/042v_gx,/m/0342h,/m/0fx80y,/m/04szw,/m/04rlf	train
182981	3.1	/m/042v_gx,/m/0342h,/m/0fx80y,/m/04szw,/m/04rlf	train
182991	1.6	/m/042v_gx,/m/0342h,/m/0fx80y,/m/04szw,/m/04rlf	train
361573	4.5	/m/042v_gx,/m/0342h,/m/0fx80y,/m/04szw,/m/04rlf	train
361575	5.8	/m/042v_gx,/m/0342h,/m/0fx80y,/m/04szw,/m/04rlf	train
361576	3.3	/m/042v_gx,/m/0342h,/m/0fx80y,/m/04szw,/m/04rlf	train
361578	2.5	/m/042v_gx,/m/0342h,/m/0fx80y,/m/04szw,/m/04rlf	train
361579	5.3	/m/042v_gx,/m/0342h,/m/0fx80y,/m/04szw,/m/04rlf	train
361580	3.5	/m/042v_gx,/m/0342h,/m/0fx80y,/m/04szw,/m/04rlf	train
361584	1.9	/m/042v_gx,/m/0342h,/m/0fx80y,/m/04szw,/m/04rlf	train
361585	1.0	/m/042v_gx,/m/0342h,/m/0fx80y,/m/04szw,/m/04rlf	train
251018	7.3	/m/042v_gx,/m/0342h,/m/0fx80y,/m/04szw,/m/04rlf	train
251020	2.8	/m/042v_gx,/m/0342h,/m/0fx80y,/m/04szw,/m/04rlf	train
183000	5.2	/m/042v_gx,/m/0342h,/m/0fx80y,/m/04szw,/m/04rlf	train
251027	5.6	/m/042v_gx,/m/0342h,/m/0fx80y,/m/04szw,/m/04rlf	train
251031	3.8	/m/042v_gx,/m/0342h,/m/0fx80y,/m/04szw,/m/04rlf	train
251034	6.9	/m/042v_gx,/m/0342h,/m/0fx80y,/m/04szw,/m/04rlf	train
251035	5.5	/m/042v_gx,/m/0342h,/m/0fx80y,/m/04szw,/m/04rlf	train
251037	5.7	/m/042v_gx,/m/0342h,/m/0fx80y,/m/04szw,/m/04rlf	train
251039	4.6	/m/042v_gx,/m/0342h,/m/0fx80y,/m/04szw,/m/04rlf	train
251041	4.1	/m/042v_gx,/m/0342h,/m/0fx80y,/m/04szw,/m/04rlf	train
251043	4.3	/m/042v_gx,/m/0342h,/m/0fx80y,/m/04szw,/m/04rlf	train
251044	4.7	/m/042v_gx,/m/0342h,/m/0fx80y,/m/04szw,/m/04rlf	train
251045	4.3	/m/042v_gx,/m/0342h,/m/0fx80y,/m/04szw,/m/04rlf	train
251046	3.6	/m/042v_gx,/m/0342h,/m/0fx80y,/m/04szw,/m/04rlf	train
251047	3.4	/m/042v_gx,/m/0342h,/m/0fx80y,/m/04szw,/m/04rlf	train
251058	5.6	/m/042v_gx,/m/0342h,/m/0fx80y,/m/04szw,/m/04rlf	train
251061	6.7	/m/042v_gx,/m/0342h,/m/0fx80y,/m/04szw,/m/04rlf	train
251065	3.9	/m/042v_gx,/m/0342h,/m/0fx80y,/m/04szw,/m/04rlf	train
251070	4.6	/m/042v_gx,/m/0342h,/m/0fx80y,/m/04szw,/m/04rlf	train
251069	4.2	/m/042v_gx,/m/0342h,/m/0fx80y,/m/04szw,/m/04rlf	train
251072	5.0	/m/042v_gx,/m/0342h,/m/0fx80y,/m/04szw,/m/04rlf	train
251074	5.0	/m/042v_gx,/m/0342h,/m/0fx80y,/m/04szw,/m/04rlf	train
251076	1.3	/m/042v_gx,/m/0342h,/m/0fx80y,/m/04szw,/m/04rlf	train
251079	5.1	/m/042v_gx,/m/0342h,/m/0fx80y,/m/04szw,/m/04rlf	train
251083	3.8	/m/042v_gx,/m/0342h,/m/0fx80y,/m/04szw,/m/04rlf	train
251087	5.9	/m/042v_gx,/m/0342h,/m/0fx80y,/m/04szw,/m/04rlf	train
251089	3.8	/m/042v_gx,/m/0342h,/m/0fx80y,/m/04szw,/m/04rlf	train
251091	3.3	/m/042v_gx,/m/0342h,/m/0fx80y,/m/04szw,/m/04rlf	train
251092	3.3	/m/042v_gx,/m/0342h,/m/0fx80y,/m/04szw,/m/04rlf	train
251099	4.3	/m/042v_gx,/m/0342h,/m/0fx80y,/m/04szw,/m/04rlf	train
251100	5.3	/m/042v_gx,/m/0342h,/m/0fx80y,/m/04szw,/m/04rlf	train
251102	4.3	/m/042v_gx,/m/0342h,/m/0fx80y,/m/04szw,/m/04rlf	train
251103	4.9	/m/042v_gx,/m/0342h,/m/0fx80y,/m/04szw,/m/04rlf	train
251104	5.3	/m/042v_gx,/m/0342h,/m/0fx80y,/m/04szw,/m/04rlf	train
251105	4.7	/m/042v_gx,/m/0342h,/m/0fx80y,/m/04szw,/m/04rlf	train
251107	5.5	/m/042v_gx,/m/0342h,/m/0fx80y,/m/04szw,/m/04rlf	train
251108	4.0	/m/042v_gx,/m/0342h,/m/0fx80y,/m/04szw,/m/04rlf	train
251110	4.3	/m/042v_gx,/m/0342h,/m/0fx80y,/m/04szw,/m/04rlf	train
251111	4.4	/m/042v_gx,/m/0342h,/m/0fx80y,/m/04szw,/m/04rlf	train
251114	5.4	/m/042v_gx,/m/0342h,/m/0fx80y,/m/04szw,/m/04rlf	train
251116	2.8	/m/042v_gx,/m/0342h,/m/0fx80y,/m/04szw,/m/04rlf	train
251118	2.8	/m/042v_gx,/m/0342h,/m/0fx80y,/m/04szw,/m/04rlf	train
251119	2.5	/m/042v_gx,/m/0342h,/m/0fx80y,/m/04szw,/m/04rlf	train
251120	2.8	/m/042v_gx,/m/0342h,/m/0fx80y,/m/04szw,/m/04rlf	train
251122	3.3	/m/042v_gx,/m/0342h,/m/0fx80y,/m/04szw,/m/04rlf	train
251123	5.1	/m/042v_gx,/m/0342h,/m/0fx80y,/m/04szw,/m/04rlf	train
251126	4.0	/m/042v_gx,/m/0342h,/m/0fx80y,/m/04szw,/m/04rlf	train
251128	2.4	/m/042v_gx,/m/0342h,/m/0fx80y,/m/04szw,/m/04rlf	train
251130	2.2	/m/042v_gx,/m/0342h,/m/0fx80y,/m/04szw,/m/04rlf	train
251132	5.8	/m/042v_gx,/m/0342h,/m/0fx80y,/m/04szw,/m/04rlf	train
251136	3.1	/m/042v_gx,/m/0342h,/m/0fx80y,/m/04szw,/m/04rlf	train
251137	4.1	/m/042v_gx,/m/0342h,/m/0fx80y,/m/04szw,/m/04rlf	train
251142	4.0	/m/042v_gx,/m/0342h,/m/0fx80y,/m/04szw,/m/04rlf	train
251145	2.1	/m/042v_gx,/m/0342h,/m/0fx80y,/m/04szw,/m/04rlf	train
251149	6.2	/m/042v_gx,/m/0342h,/m/0fx80y,/m/04szw,/m/04rlf	train
251150	7.5	/m/042v_gx,/m/0342h,/m/0fx80y,/m/04szw,/m/04rlf	train
251152	3.6	/m/042v_gx,/m/0342h,/m/0fx80y,/m/04szw,/m/04rlf	train
251156	5.0	/m/042v_gx,/m/0342h,/m/0fx80y,/m/04szw,/m/04rlf	train
251158	4.0	/m/042v_gx,/m/0342h,/m/0fx80y,/m/04szw,/m/04rlf	train
251159	4.1	/m/042v_gx,/m/0342h,/m/0fx80y,/m/04szw,/m/04rlf	train
251161	4.6	/m/042v_gx,/m/0342h,/m/0fx80y,/m/04szw,/m/04rlf	train
251163	6.7	/m/042v_gx,/m/0342h,/m/0fx80y,/m/04szw,/m/04rlf	train
251168	4.5	/m/042v_gx,/m/0342h,/m/0fx80y,/m/04szw,/m/04rlf	train
251170	4.5	/m/042v_gx,/m/0342h,/m/0fx80y,/m/04szw,/m/04rlf	train
251172	5.2	/m/042v_gx,/m/0342h,/m/0fx80y,/m/04szw,/m/04rlf	train
251178	4.7	/m/042v_gx,/m/0342h,/m/0fx80y,/m/04szw,/m/04rlf	train
251179	4.2	/m/042v_gx,/m/0342h,/m/0fx80y,/m/04szw,/m/04rlf	train
251183	4.3	/m/042v_gx,/m/0342h,/m/0fx80y,/m/04szw,/m/04rlf	train
251187	3.6	/m/042v_gx,/m/0342h,/m/0fx80y,/m/04szw,/m/04rlf	train
251192	2.0	/m/042v_gx,/m/0342h,/m/0fx80y,/m/04szw,/m/04rlf	train
251193	2.2	/m/042v_gx,/m/0342h,/m/0fx80y,/m/04szw,/m/04rlf	train
251194	2.4	/m/042v_gx,/m/0342h,/m/0fx80y,/m/04szw,/m/04rlf	train
183034	4.2	/m/042v_gx,/m/0342h,/m/0fx80y,/m/04szw,/m/04rlf	train
183036	5.2	/m/042v_gx,/m/0342h,/m/0fx80y,/m/04szw,/m/04rlf	train
15715	7.8	/m/042v_gx,/m/0342h,/m/0fx80y,/m/04szw,/m/04rlf	train
68968	5.5	/m/042v_gx,/m/0342h,/m/0fx80y,/m/04szw,/m/04rlf	train
13702	8.0	/m/042v_gx,/m/0342h,/m/0fx80y,/m/04szw,/m/04rlf	train
13705	6.5	/m/042v_gx,/m/0342h,/m/0fx80y,/m/04szw,/m/04rlf	train
13710	8.2	/m/042v_gx,/m/0342h,/m/0fx80y,/m/04szw,/m/04rlf	train
3471	1.2	/m/042v_gx,/m/0342h,/m/0fx80y,/m/04szw,/m/04rlf	train
183703	4.2	/m/042v_gx,/m/0342h,/m/0fx80y,/m/04szw,/m/04rlf	train
183704	4.2	/m/042v_gx,/m/0342h,/m/0fx80y,/m/04szw,/m/04rlf	train
183707	4.2	/m/042v_gx,/m/0342h,/m/0fx80y,/m/04szw,/m/04rlf	train
183710	4.2	/m/042v_gx,/m/0342h,/m/0fx80y,/m/04szw,/m/04rlf	train
183715	2.1	/m/042v_gx,/m/0342h,/m/0fx80y,/m/04szw,/m/04rlf	train
183717	2.1	/m/042v_gx,/m/0342h,/m/0fx80y,/m/04szw,/m/04rlf	train
183718	2.1	/m/042v_gx,/m/0342h,/m/0fx80y,/m/04szw,/m/04rlf	train
183720	2.1	/m/042v_gx,/m/0342h,/m/0fx80y,/m/04szw,/m/04rlf	train
41657	8.0	/m/042v_gx,/m/0342h,/m/0fx80y,/m/04szw,/m/04rlf	train
183722	2.1	/m/042v_gx,/m/0342h,/m/0fx80y,/m/04szw,/m/04rlf	train
183726	4.2	/m/042v_gx,/m/0342h,/m/0fx80y,/m/04szw,/m/04rlf	train
183728	4.2	/m/042v_gx,/m/0342h,/m/0fx80y,/m/04szw,/m/04rlf	train
183729	4.2	/m/042v_gx,/m/0342h,/m/0fx80y,/m/04szw,/m/04rlf	train
183730	4.2	/m/042v_gx,/m/0342h,/m/0fx80y,/m/04szw,/m/04rlf	train
183734	3.1	/m/042v_gx,/m/0342h,/m/0fx80y,/m/04szw,/m/04rlf	train
183735	3.1	/m/042v_gx,/m/0342h,/m/0fx80y,/m/04szw,/m/04rlf	train
183736	3.1	/m/042v_gx,/m/0342h,/m/0fx80y,/m/04szw,/m/04rlf	train
183742	3.1	/m/042v_gx,/m/0342h,/m/0fx80y,/m/04szw,/m/04rlf	train
183744	3.1	/m/042v_gx,/m/0342h,/m/0fx80y,/m/04szw,/m/04rlf	train
183746	3.1	/m/042v_gx,/m/0342h,/m/0fx80y,/m/04szw,/m/04rlf	train
183748	4.2	/m/042v_gx,/m/0342h,/m/0fx80y,/m/04szw,/m/04rlf	train
183753	2.1	/m/042v_gx,/m/0342h,/m/0fx80y,/m/04szw,/m/04rlf	train
183759	2.1	/m/042v_gx,/m/0342h,/m/0fx80y,/m/04szw,/m/04rlf	train
183760	2.1	/m/042v_gx,/m/0342h,/m/0fx80y,/m/04szw,/m/04rlf	train
183762	2.1	/m/042v_gx,/m/0342h,/m/0fx80y,/m/04szw,/m/04rlf	train
183763	2.1	/m/042v_gx,/m/0342h,/m/0fx80y,/m/04szw,/m/04rlf	train
183764	2.1	/m/042v_gx,/m/0342h,/m/0fx80y,/m/04szw,/m/04rlf	train
183767	2.1	/m/042v_gx,/m/0342h,/m/0fx80y,/m/04szw,/m/04rlf	train
183770	2.1	/m/042v_gx,/m/0342h,/m/0fx80y,/m/04szw,/m/04rlf	train
183771	2.1	/m/042v_gx,/m/0342h,/m/0fx80y,/m/04szw,/m/04rlf	train
183774	4.2	/m/042v_gx,/m/0342h,/m/0fx80y,/m/04szw,/m/04rlf	train
183775	4.2	/m/042v_gx,/m/0342h,/m/0fx80y,/m/04szw,/m/04rlf	train
32225	22.7	/m/042v_gx,/m/0342h,/m/0fx80y,/m/04szw,/m/04rlf	train
183780	4.2	/m/042v_gx,/m/0342h,/m/0fx80y,/m/04szw,/m/04rlf	train
183781	4.2	/m/042v_gx,/m/0342h,/m/0fx80y,/m/04szw,/m/04rlf	train
183783	4.2	/m/042v_gx,/m/0342h,/m/0fx80y,/m/04szw,/m/04rlf	train
183784	4.2	/m/042v_gx,/m/0342h,/m/0fx80y,/m/04szw,/m/04rlf	train
183787	4.2	/m/042v_gx,/m/0342h,/m/0fx80y,/m/04szw,/m/04rlf	train
183789	4.2	/m/042v_gx,/m/0342h,/m/0fx80y,/m/04szw,/m/04rlf	train
183790	4.2	/m/042v_gx,/m/0342h,/m/0fx80y,/m/04szw,/m/04rlf	train
183791	4.2	/m/042v_gx,/m/0342h,/m/0fx80y,/m/04szw,/m/04rlf	train
183792	4.2	/m/042v_gx,/m/0342h,/m/0fx80y,/m/04szw,/m/04rlf	train
202224	9.6	/m/042v_gx,/m/0342h,/m/0fx80y,/m/04szw,/m/04rlf	train
183794	4.2	/m/042v_gx,/m/0342h,/m/0fx80y,/m/04szw,/m/04rlf	train
183798	4.2	/m/042v_gx,/m/0342h,/m/0fx80y,/m/04szw,/m/04rlf	train
183800	4.2	/m/042v_gx,/m/0342h,/m/0fx80y,/m/04szw,/m/04rlf	train
183801	4.2	/m/042v_gx,/m/0342h,/m/0fx80y,/m/04szw,/m/04rlf	train
183808	3.1	/m/042v_gx,/m/0342h,/m/0fx80y,/m/04szw,/m/04rlf	train
183809	3.1	/m/042v_gx,/m/0342h,/m/0fx80y,/m/04szw,/m/04rlf	train
183810	4.2	/m/042v_gx,/m/0342h,/m/0fx80y,/m/04szw,/m/04rlf	train
183812	4.2	/m/042v_gx,/m/0342h,/m/0fx80y,/m/04szw,/m/04rlf	train
183814	4.2	/m/042v_gx,/m/0342h,/m/0fx80y,/m/04szw,/m/04rlf	train
183816	4.2	/m/042v_gx,/m/0342h,/m/0fx80y,/m/04szw,/m/04rlf	train
41661	9.5	/m/042v_gx,/m/0342h,/m/0fx80y,/m/04szw,/m/04rlf	train
183821	4.2	/m/042v_gx,/m/0342h,/m/0fx80y,/m/04szw,/m/04rlf	train
161316	4.3	/m/042v_gx,/m/0342h,/m/0fx80y,/m/04szw,/m/04rlf	train
58116	4.1	/m/042v_gx,/m/0342h,/m/0fx80y,/m/04szw,/m/04rlf	train
24279	10.6	/m/042v_gx,/m/0342h,/m/0fx80y,/m/04szw,/m/04rlf	train
24280	6.5	/m/042v_gx,/m/0342h,/m/0fx80y,/m/04szw,/m/04rlf	train
24281	9.1	/m/042v_gx,/m/0342h,/m/0fx80y,/m/04szw,/m/04rlf	train
24282	8.8	/m/042v_gx,/m/0342h,/m/0fx80y,/m/04szw,/m/04rlf	train
24283	7.9	/m/042v_gx,/m/0342h,/m/0fx80y,/m/04szw,/m/04rlf	train
24284	16.4	/m/042v_gx,/m/0342h,/m/0fx80y,/m/04szw,/m/04rlf	train
24286	7.7	/m/042v_gx,/m/0342h,/m/0fx80y,/m/04szw,/m/04rlf	train
24292	8.9	/m/042v_gx,/m/0342h,/m/0fx80y,/m/04szw,/m/04rlf	train
128811	1.2	/m/042v_gx,/m/0342h,/m/0fx80y,/m/04szw,/m/04rlf	train
253767	2.6	/m/042v_gx,/m/0342h,/m/0fx80y,/m/04szw,/m/04rlf	train
350036	16.0	/m/042v_gx,/m/0342h,/m/0fx80y,/m/04szw,/m/04rlf	train
350053	8.0	/m/042v_gx,/m/0342h,/m/0fx80y,/m/04szw,/m/04rlf	train
350109	16.0	/m/042v_gx,/m/0342h,/m/0fx80y,/m/04szw,/m/04rlf	train
251843	8.0	/m/042v_gx,/m/0342h,/m/0fx80y,/m/04szw,/m/04rlf	train
251844	8.0	/m/042v_gx,/m/0342h,/m/0fx80y,/m/04szw,/m/04rlf	train
251848	8.0	/m/042v_gx,/m/0342h,/m/0fx80y,/m/04szw,/m/04rlf	train
251859	16.0	/m/042v_gx,/m/0342h,/m/0fx80y,/m/04szw,/m/04rlf	train
251860	8.0	/m/042v_gx,/m/0342h,/m/0fx80y,/m/04szw,/m/04rlf	train
251864	8.0	/m/042v_gx,/m/0342h,/m/0fx80y,/m/04szw,/m/04rlf	train
251871	8.0	/m/042v_gx,/m/0342h,/m/0fx80y,/m/04szw,/m/04rlf	train
44299	0.7	/m/042v_gx,/m/0342h,/m/0fx80y,/m/04szw,/m/04rlf	test
58492	15.6	/m/042v_gx,/m/0342h,/m/0fx80y,/m/04szw,/m/04rlf	test
58900	4.0	/m/042v_gx,/m/0342h,/m/0fx80y,/m/04szw,/m/04rlf	test
328880	2.7	/m/042v_gx,/m/0342h,/m/0fx80y,/m/04szw,/m/04rlf	test
348993	4.4	/m/042v_gx,/m/0342h,/m/0fx80y,/m/04szw,/m/04rlf	test
30173	3.0	/m/042v_gx,/m/0342h,/m/0fx80y,/m/04szw,/m/04rlf	test
371127	4.0	/m/042v_gx,/m/0342h,/m/0fx80y,/m/04szw,/m/04rlf	test
254883	2.6	/m/042v_gx,/m/0342h,/m/0fx80y,/m/04szw,/m/04rlf	test
371135	2.1	/m/042v_gx,/m/0342h,/m/0fx80y,/m/04szw,/m/04rlf	test
256422	4.5	/m/042v_gx,/m/0342h,/m/0fx80y,/m/04szw,/m/04rlf	test
255811	7.1	/m/042v_gx,/m/0342h,/m/0fx80y,/m/04szw,/m/04rlf	test
141186	9.6	/m/042v_gx,/m/0342h,/m/0fx80y,/m/04szw,/m/04rlf	test
173075	8.2	/m/042v_gx,/m/0342h,/m/0fx80y,/m/04szw,/m/04rlf	test
58969	5.3	/m/042v_gx,/m/0342h,/m/0fx80y,/m/04szw,/m/04rlf	test
234739	12.8	/m/042v_gx,/m/0342h,/m/0fx80y,/m/04szw,/m/04rlf	test
371130	5.3	/m/042v_gx,/m/0342h,/m/0fx80y,/m/04szw,/m/04rlf	test
913	8.3	/m/042v_gx,/m/0342h,/m/0fx80y,/m/04szw,/m/04rlf	test
253188	2.5	/m/042v_gx,/m/0342h,/m/0fx80y,/m/04szw,/m/04rlf	test
58973	0.9	/m/042v_gx,/m/0342h,/m/0fx80y,/m/04szw,/m/04rlf	test
44731	8.0	/m/042v_gx,/m/0342h,/m/0fx80y,/m/04szw,/m/04rlf	test
253187	3.6	/m/042v_gx,/m/0342h,/m/0fx80y,/m/04szw,/m/04rlf	test
116388	6.3	/m/042v_gx,/m/0342h,/m/0fx80y,/m/04szw,/m/04rlf	test
256423	3.0	/m/042v_gx,/m/0342h,/m/0fx80y,/m/04szw,/m/04rlf	test
90053	3.2	/m/042v_gx,/m/0342h,/m/0fx80y,/m/04szw,/m/04rlf	test
908	7.0	/m/042v_gx,/m/0342h,/m/0fx80y,/m/04szw,/m/04rlf	test
187698	15.1	/m/042v_gx,/m/0342h,/m/0fx80y,/m/04szw,/m/04rlf	test
53276	3.4	/m/042v_gx,/m/0342h,/m/0fx80y,/m/04szw,/m/04rlf	test
277254	0.5	/m/042v_gx,/m/0342h,/m/0fx80y,/m/04szw,/m/04rlf	test
164351	9.6	/m/042v_gx,/m/0342h,/m/0fx80y,/m/04szw,/m/04rlf	test
44728	8.0	/m/042v_gx,/m/0342h,/m/0fx80y,/m/04szw,/m/04rlf	test
369676	10.3	/m/042v_gx,/m/0342h,/m/0fx80y,/m/04szw,/m/04rlf	test
328822	13.2	/m/042v_gx,/m/0342h,/m/0fx80y,/m/04szw,/m/04rlf	test
41515	9.1	/m/042v_gx,/m/0342h,/m/0fx80y,/m/04szw,/m/04rlf	test
58970	2.1	/m/042v_gx,/m/0342h,/m/0fx80y,/m/04szw,/m/04rlf	test
328105	5.0	/m/042v_gx,/m/0342h,/m/0fx80y,/m/04szw,/m/04rlf	test
97769	17.7	/m/042v_gx,/m/0342h,/m/0fx80y,/m/04szw,/m/04rlf	test
371137	4.3	/m/042v_gx,/m/0342h,/m/0fx80y,/m/04szw,/m/04rlf	test
31901	2.0	/m/042v_gx,/m/0342h,/m/0fx80y,/m/04szw,/m/04rlf	test
74199	2.7	/m/042v_gx,/m/0342h,/m/0fx80y,/m/04szw,/m/04rlf	test
90055	2.7	/m/042v_gx,/m/0342h,/m/0fx80y,/m/04szw,/m/04rlf	test
909	6.1	/m/042v_gx,/m/0342h,/m/0fx80y,/m/04szw,/m/04rlf	test
257418	4.4	/m/042v_gx,/m/0342h,/m/0fx80y,/m/04szw,/m/04rlf	test
41516	6.2	/m/042v_gx,/m/0342h,/m/0fx80y,/m/04szw,/m/04rlf	test
74195	7.0	/m/042v_gx,/m/0342h,/m/0fx80y,/m/04szw,/m/04rlf	test
399079	5.0	/m/042v_gx,/m/0342h,/m/0fx80y,/m/04szw,/m/04rlf	test
74200	2.7	/m/042v_gx,/m/0342h,/m/0fx80y,/m/04szw,/m/04rlf	test
79406	9.6	/m/042v_gx,/m/0342h,/m/0fx80y,/m/04szw,/m/04rlf	test
410367	2.3	/m/042v_gx,/m/0342h,/m/0fx80y,/m/04szw,/m/04rlf	test
365795	9.6	/m/042v_gx,/m/0342h,/m/0fx80y,/m/04szw,/m/04rlf	test
339982	6.9	/m/042v_gx,/m/0342h,/m/0fx80y,/m/04szw,/m/04rlf	test
371133	3.7	/m/042v_gx,/m/0342h,/m/0fx80y,/m/04szw,/m/04rlf	test
381394	8.4	/m/042v_gx,/m/0342h,/m/0fx80y,/m/04szw,/m/04rlf	test
44732	8.0	/m/042v_gx,/m/0342h,/m/0fx80y,/m/04szw,/m/04rlf	test
329705	9.3	/m/042v_gx,/m/0342h,/m/0fx80y,/m/04szw,/m/04rlf	test
48081	6.9	/m/042v_gx,/m/0342h,/m/0fx80y,/m/04szw,/m/04rlf	test
258009	8.4	/m/042v_gx,/m/0342h,/m/0fx80y,/m/04szw,/m/04rlf	test
44733	5.6	/m/042v_gx,/m/0342h,/m/0fx80y,/m/04szw,/m/04rlf	test
90062	3.2	/m/042v_gx,/m/0342h,/m/0fx80y,/m/04szw,/m/04rlf	test
58976	2.2	/m/042v_gx,/m/0342h,/m/0fx80y,/m/04szw,/m/04rlf	test
44365	0.5	/m/042v_gx,/m/0342h,/m/0fx80y,/m/04szw,/m/04rlf	test
371138	3.8	/m/042v_gx,/m/0342h,/m/0fx80y,/m/04szw,/m/04rlf	test
221904	1.8	/m/042v_gx,/m/0342h,/m/0fx80y,/m/04szw,/m/04rlf	test
370989	2.0	/m/042v_gx,/m/0342h,/m/0fx80y,/m/04szw,/m/04rlf	test
331035	4.8	/m/042v_gx,/m/0342h,/m/0fx80y,/m/04szw,/m/04rlf	test
79405	11.2	/m/042v_gx,/m/0342h,/m/0fx80y,/m/04szw,/m/04rlf	test
44729	8.0	/m/042v_gx,/m/0342h,/m/0fx80y,/m/04szw,/m/04rlf	test
54684	7.2	/m/042v_gx,/m/0342h,/m/0fx80y,/m/04szw,/m/04rlf	test
90056	5.6	/m/042v_gx,/m/0342h,/m/0fx80y,/m/04szw,/m/04rlf	test
121008	7.7	/m/042v_gx,/m/0342h,/m/0fx80y,/m/04szw,/m/04rlf	test
208586	1.3	/m/042v_gx,/m/0342h,/m/0fx80y,/m/04szw,/m/04rlf	test
44730	8.0	/m/042v_gx,/m/0342h,/m/0fx80y,/m/04szw,/m/04rlf	test
277258	0.5	/m/042v_gx,/m/0342h,/m/0fx80y,/m/04szw,/m/04rlf	test
911	7.6	/m/042v_gx,/m/0342h,/m/0fx80y,/m/04szw,/m/04rlf	test
75242	6.5	/m/042v_gx,/m/0342h,/m/0fx80y,/m/04szw,/m/04rlf	test
44364	2.8	/m/042v_gx,/m/0342h,/m/0fx80y,/m/04szw,/m/04rlf	test
170309	18.7	/m/042v_gx,/m/0342h,/m/0fx80y,/m/04szw,/m/04rlf	test
121007	7.7	/m/042v_gx,/m/0342h,/m/0fx80y,/m/04szw,/m/04rlf	test
74198	2.7	/m/042v_gx,/m/0342h,/m/0fx80y,/m/04szw,/m/04rlf	test
